[{"line":1,"elements":[{"start_timestamp":"2025-03-12T17:13:59.789Z","before":[{"result":{"duration":10461503600,"status":"passed"},"match":{"location":"StepDefination.Hooks.before()"}}],"line":18,"name":"Placeing the Order Successfully","description":"","id":"placeorder;placeing-the-order-successfully;;2","after":[{"result":{"duration":3670700,"status":"passed"},"match":{"location":"StepDefination.Hooks.after()"}}],"type":"scenario","keyword":"Scenario Outline","steps":[{"result":{"duration":2378946300,"status":"passed"},"line":5,"name":"the use is on login page","match":{"location":"StepDefination.PlaceOrderStepDef.the_use_is_on_login_page()"},"keyword":"Given "},{"result":{"duration":2571699400,"status":"passed"},"line":6,"name":"the user enters \"standard_user\" and \"secret_sauce\" and click login button","match":{"arguments":[{"val":"\"standard_user\"","offset":16},{"val":"\"secret_sauce\"","offset":36}],"location":"StepDefination.PlaceOrderStepDef.the_user_enters_and_and_click_login_button(java.lang.String,java.lang.String)"},"keyword":"When "},{"result":{"duration":481366400,"status":"passed"},"line":7,"name":"user selects the product","match":{"location":"StepDefination.PlaceOrderStepDef.user_selects_the_product()"},"keyword":"And "},{"result":{"duration":453658500,"status":"passed"},"line":8,"name":"user clicks add to cart button","match":{"location":"StepDefination.PlaceOrderStepDef.user_clicks_add_to_cart_button()"},"keyword":"And "},{"result":{"duration":408334000,"status":"passed"},"line":9,"name":"user clicks cart button","match":{"location":"StepDefination.PlaceOrderStepDef.user_clicks_cart_button()"},"keyword":"And "},{"result":{"duration":360037800,"status":"passed"},"line":10,"name":"user clicks checkout button","match":{"location":"StepDefination.PlaceOrderStepDef.user_clicks_checkout_button()"},"keyword":"And "},{"result":{"duration":899728700,"status":"passed"},"line":11,"name":"user enter \"Sri Kumar\",\"Aryan\",\"768005\" and click continue button","match":{"arguments":[{"val":"\"Sri Kumar\"","offset":11},{"val":"\"Aryan\"","offset":23},{"val":"\"768005\"","offset":31}],"location":"StepDefination.PlaceOrderStepDef.user_enter_and_click_continue_button(java.lang.String,java.lang.String,java.lang.String)"},"keyword":"And "},{"result":{"duration":424912200,"status":"passed"},"line":12,"name":"user verifies product information and click Finish button","match":{"location":"StepDefination.PlaceOrderStepDef.user_verifies_product_information_and_click_finish_button()"},"keyword":"Then "},{"result":{"duration":274449800,"status":"passed"},"line":13,"name":"user verifies checkout complete message","match":{"location":"StepDefination.PlaceOrderStepDef.user_verifies_checkout_complete_message()"},"keyword":"Then "},{"result":{"duration":2546557100,"status":"passed"},"line":14,"name":"the user logout","match":{"location":"StepDefination.PlaceOrderStepDef.the_user_logout()"},"keyword":"Then "}]},{"start_timestamp":"2025-03-12T17:14:22.130Z","before":[{"result":{"duration":14614557100,"status":"passed"},"match":{"location":"StepDefination.Hooks.before()"}}],"line":35,"name":"Placeing the Order is faulure","description":"","id":"placeorder;placeing-the-order-is-faulure;;2","after":[{"result":{"duration":998300,"status":"passed"},"match":{"location":"StepDefination.Hooks.after()"}}],"type":"scenario","keyword":"Scenario Outline","steps":[{"result":{"duration":18950100,"status":"passed"},"line":22,"name":"the use is on login page","match":{"location":"StepDefination.PlaceOrderStepDef.the_use_is_on_login_page()"},"keyword":"Given "},{"result":{"duration":1043209400,"status":"passed"},"line":23,"name":"the user enters \"standard_user\" and \"secret_sauce\" and click login button","match":{"arguments":[{"val":"\"standard_user\"","offset":16},{"val":"\"secret_sauce\"","offset":36}],"location":"StepDefination.PlaceOrderStepDef.the_user_enters_and_and_click_login_button(java.lang.String,java.lang.String)"},"keyword":"When "},{"result":{"duration":351061600,"status":"passed"},"line":24,"name":"user selects the product","match":{"location":"StepDefination.PlaceOrderStepDef.user_selects_the_product()"},"keyword":"And "},{"result":{"duration":217419100,"status":"passed"},"line":25,"name":"user clicks add to cart button","match":{"location":"StepDefination.PlaceOrderStepDef.user_clicks_add_to_cart_button()"},"keyword":"And "},{"result":{"duration":172532200,"status":"passed"},"line":26,"name":"user clicks cart button","match":{"location":"StepDefination.PlaceOrderStepDef.user_clicks_cart_button()"},"keyword":"And "},{"result":{"duration":206405000,"status":"passed"},"line":27,"name":"user clicks checkout button","match":{"location":"StepDefination.PlaceOrderStepDef.user_clicks_checkout_button()"},"keyword":"And "},{"result":{"error_message":"java.lang.AssertionError\r\n\tat org.junit.Assert.fail(Assert.java:87)\r\n\tat org.junit.Assert.assertTrue(Assert.java:42)\r\n\tat org.junit.Assert.assertTrue(Assert.java:53)\r\n\tat StepDefination.PlaceOrderStepDef.user_enter_and_click_continue_button(PlaceOrderStepDef.java:85)\r\n\tat ✽.user enter \"Sri Kumar\",\"Aryan\",\"\" and click continue button(file:///G:/Eclipse/OwnFrameWork/./src/test/resources/features/placeorder.feature:28)\r\n","duration":8523044800,"status":"failed"},"line":28,"name":"user enter \"Sri Kumar\",\"Aryan\",\"\" and click continue button","match":{"arguments":[{"val":"\"Sri Kumar\"","offset":11},{"val":"\"Aryan\"","offset":23},{"val":"\"\"","offset":31}],"location":"StepDefination.PlaceOrderStepDef.user_enter_and_click_continue_button(java.lang.String,java.lang.String,java.lang.String)"},"keyword":"And "},{"result":{"status":"skipped"},"line":29,"name":"user verifies product information and click Finish button","match":{"location":"StepDefination.PlaceOrderStepDef.user_verifies_product_information_and_click_finish_button()"},"keyword":"Then "},{"result":{"duration":998500,"status":"skipped"},"line":30,"name":"user verifies checkout complete message","match":{"location":"StepDefination.PlaceOrderStepDef.user_verifies_checkout_complete_message()"},"keyword":"Then "},{"result":{"duration":997800,"status":"skipped"},"line":31,"name":"the user logout","match":{"location":"StepDefination.PlaceOrderStepDef.the_user_logout()"},"keyword":"Then "}]}],"name":"Placeorder","description":"","id":"placeorder","keyword":"Feature","uri":"file:src/test/resources/features/placeorder.feature","tags":[]}]